{"stats":{"minecraft:custom":{"minecraft:jump":243,"minecraft:time_since_rest":455,"minecraft:deaths":7,"minecraft:damage_taken":160,"minecraft:leave_game":2,"minecraft:play_time":21117,"minecraft:sprint_one_cm":27725,"minecraft:time_since_death":432,"minecraft:walk_on_water_one_cm":438,"minecraft:walk_one_cm":4737,"minecraft:sleep_in_bed":1,"minecraft:sneak_time":607,"minecraft:total_world_time":21117,"minecraft:walk_under_water_one_cm":2071,"minecraft:swim_one_cm":2734,"minecraft:fall_one_cm":3285,"minecraft:fly_one_cm":937055},"minecraft:picked_up":{"minecraft:black_bed":3},"minecraft:used":{"minecraft:black_bed":3}},"DataVersion":3839}