{
  "minecraft:recipes/decorations/crafting_table": {
    "criteria": {
      "unlock_right_away": "2024-06-13 04:08:45 +0000"
    },
    "done": true
  },
  "minecraft:adventure/adventuring_time": {
    "criteria": {
      "minecraft:beach": "2024-06-13 04:29:44 +0000",
      "minecraft:dark_forest": "2024-06-13 04:08:46 +0000",
      "minecraft:forest": "2024-06-13 04:32:53 +0000",
      "minecraft:deep_ocean": "2024-06-13 04:30:26 +0000",
      "minecraft:river": "2024-06-13 04:29:38 +0000",
      "minecraft:stony_shore": "2024-06-13 04:09:02 +0000",
      "minecraft:dripstone_caves": "2024-06-13 04:40:44 +0000",
      "minecraft:old_growth_birch_forest": "2024-06-13 04:32:43 +0000",
      "minecraft:deep_dark": "2024-06-13 04:41:06 +0000",
      "minecraft:ocean": "2024-06-13 04:09:24 +0000",
      "minecraft:cherry_grove": "2024-06-13 04:36:24 +0000",
      "minecraft:meadow": "2024-06-13 04:43:26 +0000",
      "minecraft:birch_forest": "2024-06-13 04:34:06 +0000",
      "minecraft:plains": "2024-06-13 04:33:31 +0000"
    },
    "done": false
  },
  "minecraft:recipes/transportation/mangrove_boat": {
    "criteria": {
      "in_water": "2024-06-13 04:09:23 +0000"
    },
    "done": true
  },
  "minecraft:recipes/transportation/acacia_boat": {
    "criteria": {
      "in_water": "2024-06-13 04:09:23 +0000"
    },
    "done": true
  },
  "minecraft:recipes/transportation/cherry_boat": {
    "criteria": {
      "in_water": "2024-06-13 04:09:23 +0000"
    },
    "done": true
  },
  "minecraft:recipes/transportation/bamboo_raft": {
    "criteria": {
      "in_water": "2024-06-13 04:09:23 +0000"
    },
    "done": true
  },
  "minecraft:recipes/transportation/spruce_boat": {
    "criteria": {
      "in_water": "2024-06-13 04:09:23 +0000"
    },
    "done": true
  },
  "minecraft:recipes/transportation/birch_boat": {
    "criteria": {
      "in_water": "2024-06-13 04:09:23 +0000"
    },
    "done": true
  },
  "minecraft:recipes/transportation/oak_boat": {
    "criteria": {
      "in_water": "2024-06-13 04:09:23 +0000"
    },
    "done": true
  },
  "minecraft:recipes/transportation/jungle_boat": {
    "criteria": {
      "in_water": "2024-06-13 04:09:23 +0000"
    },
    "done": true
  },
  "minecraft:recipes/transportation/dark_oak_boat": {
    "criteria": {
      "in_water": "2024-06-13 04:09:23 +0000"
    },
    "done": true
  },
  "minecraft:adventure/sleep_in_bed": {
    "criteria": {
      "slept_in_bed": "2024-06-13 04:40:18 +0000"
    },
    "done": true
  },
  "DataVersion": 3839
}